{"cameraMode":{"drawMode":0,"name":"Shaded","section":"Shading Mode"},"sceneLighting":true,"audioPlay":false,"sceneViewState":{"showFog":true,"showMaterialUpdate":true,"showSkybox":true,"showFlares":true,"showImageEffects":true,"showParticleSystems":true},"in2DMode":false,"pivot":{"x":116.53479766845703,"y":-99.08454132080078,"z":41.091060638427737},"rotation":{"x":-0.283705472946167,"y":-0.5352830290794373,"z":0.1958809345960617,"w":-0.7713875770568848},"size":159.4774932861328,"orthographic":false}