{"cameraMode":{"drawMode":0,"name":"Shaded","section":"Shading Mode"},"sceneLighting":false,"audioPlay":false,"sceneViewState":{"showFog":true,"showMaterialUpdate":true,"showSkybox":false,"showFlares":true,"showImageEffects":true,"showParticleSystems":true},"in2DMode":false,"pivot":{"x":3.9347193241119386,"y":7.1744537353515629,"z":-4.6177754402160648},"rotation":{"x":0.12322361022233963,"y":0.6439816355705261,"z":-0.1046009212732315,"w":0.7480465769767761},"size":1.6536986827850342,"orthographic":false}