{"cameraMode":{"drawMode":0,"name":"Shaded","section":"Shading Mode"},"sceneLighting":true,"audioPlay":false,"sceneViewState":{"showFog":true,"showMaterialUpdate":true,"showSkybox":true,"showFlares":true,"showImageEffects":true,"showParticleSystems":true},"in2DMode":false,"pivot":{"x":84.51068115234375,"y":-106.53766632080078,"z":79.13487243652344},"rotation":{"x":-0.3454195559024811,"y":-0.3583652079105377,"z":0.14380380511283875,"w":-0.8555729389190674},"size":159.4774932861328,"orthographic":false}