{"cameraMode":{"drawMode":0,"name":"Shaded","section":"Shading Mode"},"sceneLighting":true,"audioPlay":false,"sceneViewState":{"showFog":true,"showMaterialUpdate":true,"showSkybox":true,"showFlares":true,"showImageEffects":true,"showParticleSystems":true},"in2DMode":false,"pivot":{"x":467.18646240234377,"y":349.4914245605469,"z":-583.3042602539063},"rotation":{"x":-0.14442145824432374,"y":0.003957103472203016,"z":-0.0015799776883795858,"w":-0.9897223711013794},"size":198.7379608154297,"orthographic":false}